USE
    GameDB;

INSERT INTO Player (username, player_level, player_rank, blue_essence)
VALUES ('Bob', 15, 2, 10000),
       ('John', 20, 1, 8000),
       ('Joe', 15, 5, 10000),
       ('Jill', 20, 2, 8000),
       ('Doe', 15, 3, 10000),
       ('Alice', 20, 0, 8000),
       ('Trudy', 15, 0, 10000),
       ('Sam', 220, 6, 8000),
       ('Ike', 15, 5, 10000),
       ('xxx', 2, 2, 8000),
       ('yyy', 15, 8, 10000),
       ('Summoner01', 4, 4, 5000),
       ('Summoner02', 3, 55, 4200),
       ('Summoner03', 6, 2, 3000),
       ('Summoner04', 5, 4, 10000),
       ('Summoner05', 20, 1, 8000),
       ('zzz', 20, 32, 8000);

INSERT INTO Champion (champion_name, price)
VALUES ('Ahri', 4800),
       ('Garen', 450),
       ('Yasuo', 6300),
       ('Lux', 3150),
       ('Irelia', 4600),
       ('Malzahar', 3800),
       ('Poppy', 4200),
       ('Jax', 2100),
       ('Lulu', 720),
       ('Ryze', 6300),
       ('Jinx', 3800),
       ('Jhin', 4444),
       ('Zac', 2700),
       ('Yone', 1650),
       ('Zed', 6300);

INSERT INTO MatchHistory (match_date, game_mode, game_length)
VALUES ('2025-05-01 14:30:00', 'Ranked Solo', 1000),
       ('2025-05-01 15:30:00', 'Ranked Solo', 1200),
       ('2025-05-01 16:30:00', 'Ranked Solo', 1300),
       ('2025-05-01 18:15:00', 'Ranked Solo', 500),
       ('2025-05-02 14:30:00', 'Ranked Solo', 4500),
       ('2025-05-01 16:30:00', 'Ranked Solo', 2000),
       ('2025-05-01 18:30:00', 'Ranked Solo', 350),
       ('2025-05-01 23:30:00', 'Ranked Solo', 120),
       ('2025-05-03 14:30:00', 'Ranked Solo', 1000),
       ('2025-05-01 16:00:00', 'Normal Draft', 200),
       ('2025-05-05 16:30:00', 'Normal Draft', 300),
       ('2025-05-07 16:48:00', 'Normal Draft', 400),
       ('2025-05-04 17:00:00', 'Normal Draft', 150),
       ('2025-05-09 18:56:00', 'Normal Draft', 600),
       ('2025-05-09 18:45:00', 'Normal Draft', 300),
       ('2025-05-09 19:00:00', 'Normal Draft', 500),
       ('2025-05-03 18:15:00', 'ARAM', 400),
       ('2025-05-04 20:45:00', 'Ranked Flex', 2000),
       ('2025-05-05 13:00:00', 'Clash', 5000);

INSERT INTO MatchParticipant (match_id, player_id, rank_awarded, win_loss, kills, deaths, assists)
VALUES (1, 1, 1, 'Win', 10, 2, 8),
       (1, 2, -1, 'Loss', 5, 5, 6),
       (2, 3, 1, 'Win', 12, 1, 3),
       (2, 4, -1, 'Loss', 4, 6, 5),
       (3, 5, 1, 'Win', 9, 3, 7),
       (3, 1, -1, 'Loss', 3, 4, 2),
       (4, 2, 1, 'Win', 11, 2, 8),
       (4, 3, -1, 'Loss', 2, 7, 4),
       (5, 4, 1, 'Win', 13, 3, 9),
       (5, 5, -1, 'Loss', 5, 5, 5),
       (6, 6, 1, 'Win', 7, 3, 9),
       (6, 7, -1, 'Loss', 2, 8, 4),
       (7, 8, 1, 'Win', 11, 1, 6),
       (7, 9, -1, 'Loss', 4, 5, 7),
       (8, 9, 1, 'Win', 10, 2, 10),
       (8, 10, -1, 'Loss', 10, 2, 10);

INSERT INTO ChampionsOwned (player_id, champion_name)
VALUES (1, 'Ahri'),
       (1, 'Garen'),
       (1, 'Yasuo'),
       (1, 'Irelia'),
       (2, 'Yasuo'),
       (2, 'Lux'),
       (3, 'Zed'),
       (3, 'Ahri'),
       (4, 'Garen'),
       (4, 'Irelia'),
       (4, 'Yasuo'),
       (5, 'Lux'),
       (5, 'Poppy'),
       (5, 'Zed'),
       (6, 'Yone');
